{"cameraMode":{"drawMode":0,"name":"Shaded","section":"Shading Mode"},"sceneLighting":true,"audioPlay":false,"sceneViewState":{"showFog":true,"showMaterialUpdate":false,"showSkybox":true,"showFlares":true,"showImageEffects":true,"showParticleSystems":true},"in2DMode":false,"pivot":{"x":-4.843469619750977,"y":-6.63048791885376,"z":-2.7198565006256105},"rotation":{"x":-0.17288050055503846,"y":0.8234143853187561,"z":-0.42274096608161929,"w":-0.3367362916469574},"size":46.592559814453128,"orthographic":false}